{
    "num":1,
    "chosen":[

    ],
    "msg":[
        {
            "msg":"第一日"
        },
        {
            "msg":"现在是公元2052年8月11日。"
        },
        {
            "msg":"你是在火星科科考站昆仑站工作多年的常驻机器人Mr.Cat，或者说，大家更乐于叫你老猫。"
        },
        {
            "msg":"你正在和最后一名留在火星的载荷专家唐跃整理物资，然后起飞赶上先行的五名队员回家。"
        },
        {
            "msg":"然而，这个时候昆仑站和地球失去了联系……"
        }
    ],
    "choice":[
        {
            "num":2,"choice":"是不是昆仑站出问题了"
        },                
        {
            "num":3,"choice":"是不是通讯卫星出问题了"
        },                
        {
            "num":4,"choice":"是不是地球方面出问题了"
        }
    ]
}