{
    "num":2,
    "chosen":[
        {
            "num":2,"choice":"是不是昆仑站出问题了"
        },                
        {
            "num":3,"choice":"是不是通讯卫星出问题了"
        },                
        {
            "num":4,"choice":"是不是地球方面出问题了"
        }
    ],
    "msg":[
        {
            "msg":"你完整检测了昆仑站的通讯系统，发现它完好无损正常运转"
        }
    ],
    "choice":[              
        {
            "num":2,"choice":"是不是昆仑站出问题了"
        },                
        {
            "num":3,"choice":"是不是通讯卫星出问题了"
        },                
        {
            "num":4,"choice":"是不是地球方面出问题了"
        }
    ]
}