{
    "num":3,
    "chosen":[
        {
            "num":2,"choice":"是不是昆仑站出问题了"
        },                
        {
            "num":3,"choice":"是不是通讯卫星出问题了"
        },                
        {
            "num":4,"choice":"是不是地球方面出问题了"
        }
    ],
    "msg":[
        {
            "msg":"信号中继卫星集体掉线的概率是很小的"
        },
        {
            "msg":"因为中继卫星这东西是公共资源"
        },
        {
            "msg":"美国的掉线了还有中国的"
        },
        {
            "msg":"中国的掉线了还有俄罗斯的"
        },
        {
            "msg":"俄罗斯的掉线了还有日本的"
        },
        {
            "msg":"日本的掉线了还有欧洲的……"
        },
        {
            "msg":"总之应该不是中继卫星的问题"
        }
    ],
    "choice":[              
        {
            "num":2,"choice":"是不是昆仑站出问题了"
        },                
        {
            "num":3,"choice":"是不是通讯卫星出问题了"
        },                
        {
            "num":4,"choice":"是不是地球方面出问题了"
        }
    ]
}