{
    "num":4,
    "chosen":[
        {
            "num":2,"choice":"是不是昆仑站出问题了"
        },                
        {
            "num":3,"choice":"是不是通讯卫星出问题了"
        },                
        {
            "num":4,"choice":"是不是地球方面出问题了"
        }
    ],
    "msg":[
        {
            "msg":"好吧，排除所有错误答案，昆仑站和中继卫星都没有问题"
        },
        {
            "msg":"那只能是地球方面出事了"
        },
        {
            "msg":"唐跃：这里是昆仑站，呼叫酒泉中心！能不能听到？"
        },
        {
            "msg":"唐跃：这里是昆仑站，呼叫酒泉中心！能不能听到？"
        },
        {
            "msg":"唐跃：昆仑站呼叫酒泉中心！呼叫酒泉！"
        },
        {
            "msg":"【无应答】"
        },
        {
            "msg":"唐跃：这里是昆仑站，呼叫西昌中心！"
        },
        {
            "msg":"【无应答】"
        },
        {
            "msg":"唐跃：这里是昆仑站，呼叫拜科努尔！"
        },
        {
            "msg":"【无应答】"
        },
        {
            "msg":"唐跃：呼叫普列谢茨克！"
        },
        {
            "msg":"【无应答】"
        },
        {
            "msg":"唐跃：呼叫休斯顿！"
        },
        {
            "msg":"【无应答】"
        },
        {
            "msg":"唐跃：呼叫肯尼迪！"
        },
        {
            "msg":"【无应答】"
        },
        {
            "msg":"唐跃：呼叫法属圭亚那！"
        },
        {
            "msg":"【无应答】"
        },
        {
            "msg":"唐跃：（妈的！）呼叫肯尼亚！呼叫巴基斯坦！呼叫阿富汗！！"
        },
        {
            "msg":"【无应答】"
        },
        {
            "msg":"好吧，唐跃在你面前试了所有的联络手段，但无一例外全部失效。"
        },
        {
            "msg":"对于一个人类而言，独自一人在外星球和地球失去联络着实是一件令人崩溃的事情。"
        },
        {
            "msg":"不用怀疑，要是再联系不上，唐跃甚至会呼叫如来佛祖和玉皇大帝"
        }
    ],
    "choice":[              
        {
            "num":5,"choice":"提醒唐跃别傻了"
        },                
        {
            "num":6,"choice":"直说地球炸了"
        }
    ]
}